DELETE FROM admin_users;
DELETE FROM editorial_entries;
DELETE FROM editorial_slots;
DELETE FROM app_settings;
DELETE FROM ranking_snapshots;
DELETE FROM reaction_videos;
DELETE FROM channels;
DELETE FROM contents;
DELETE FROM categories;

INSERT INTO categories (id, slug, name_ko, sort_order, is_active) VALUES
  (1, 'movie', '영화', 1, 1),
  (2, 'drama', '드라마', 2, 1),
  (3, 'webtoon', '웹툰', 3, 1),
  (4, 'music', '음악', 4, 1),
  (5, 'game', '게임', 5, 1);

INSERT INTO contents (
  id,
  category_id,
  slug,
  title_ko,
  title_en,
  aliases_json,
  release_year,
  release_date,
  thumbnail_url,
  description,
  search_keywords_json,
  priority_score,
  hero_message_ko,
  status,
  created_at,
  updated_at
) VALUES
  (
    1,
    1,
    'extreme-job',
    '극한직업',
    'Extreme Job',
    '["Extreme Job", "극한직업 reaction"]',
    2019,
    '2019-01-23',
    NULL,
    '해외 반응이 꾸준히 이어지는 한국 코미디 영화입니다.',
    '["Extreme Job reaction", "\\"Extreme Job\\" first time watching"]',
    30,
    '웃음과 액션 템포가 빨라 해외 리액션 몰입도가 높은 작품입니다.',
    'active',
    '2026-05-30T00:00:00.000Z',
    '2026-05-30T00:00:00.000Z'
  ),
  (
    2,
    2,
    'squid-game-2',
    '오징어 게임 시즌 2',
    'Squid Game Season 2',
    '["Squid Game Season 2", "오징어 게임 시즌 2"]',
    2026,
    '2026-12',
    NULL,
    '트레일러 공개 직후 글로벌 반응이 크게 모이는 대표 드라마입니다.',
    '["\\"Squid Game Season 2\\" reaction", "\\"Squid Game Season 2\\" trailer reaction"]',
    60,
    '신작 기대감이 높아 홈 추천 영역에서 주목도가 좋은 작품입니다.',
    'active',
    '2026-05-30T00:00:00.000Z',
    '2026-05-30T00:00:00.000Z'
  ),
  (
    3,
    4,
    'apt',
    'APT.',
    'APT.',
    '["APT reaction", "Rose Bruno Mars APT"]',
    2024,
    '2024-10-18',
    NULL,
    '뮤직비디오와 라이브 퍼포먼스 반응이 빠르게 쌓이는 곡입니다.',
    '["\\"APT\\" reaction song", "\\"APT\\" vocal breakdown"]',
    25,
    '보컬 분석과 퍼포먼스 반응이 함께 잘 모이는 음악 카테고리 대표 사례입니다.',
    'active',
    '2026-05-30T00:00:00.000Z',
    '2026-05-30T00:00:00.000Z'
  ),
  (
    4,
    3,
    'solo-leveling',
    '나 혼자만 레벨업',
    'Solo Leveling',
    '["Solo Leveling", "나 혼자만 레벨업"]',
    2018,
    '2018-03',
    NULL,
    '웹툰과 애니메이션 양쪽에서 반응을 끌어오는 대표 IP입니다.',
    '["\\"Solo Leveling\\" reaction webtoon", "\\"Solo Leveling\\" episode 1 reaction"]',
    35,
    '해외 팬덤이 넓어 시즌 이슈마다 꾸준히 신규 반응이 유입됩니다.',
    'active',
    '2026-05-30T00:00:00.000Z',
    '2026-05-30T00:00:00.000Z'
  ),
  (
    5,
    5,
    'call-of-duty-modern-warfare-4',
    '콜 오브 듀티: 모던 워페어 4',
    'Call of Duty: Modern Warfare 4',
    '["Call of Duty Modern Warfare 4", "COD MW4", "모던 워페어 4", "콜 오브 듀티 모던 워페어 4"]',
    2026,
    '2026-10',
    NULL,
    '요구사항 3의 우선 편성 대상 콘텐츠로, 글로벌 리액션과 해설 영상 수집을 강화합니다.',
    '["\\"Call of Duty: Modern Warfare 4\\" reaction game", "\\"COD MW4\\" reaction", "\\"Modern Warfare 4\\" trailer reaction"]',
    100,
    '2026년 10월 출시 예정 기준으로 홈 히어로와 게임 대표 슬롯에 우선 편성합니다.',
    'active',
    '2026-06-02T08:00:00.000Z',
    '2026-06-02T08:00:00.000Z'
  );

INSERT INTO channels (
  id,
  youtube_channel_id,
  title,
  country_code,
  default_language,
  is_korean_channel
) VALUES
  (1, 'UC-REACTKING', 'ReactKing', 'US', 'en', 0),
  (2, 'UC-DRAMASCOPE', 'DramaScope', 'US', 'en', 0),
  (3, 'UC-KPOPROOM', 'Kpop Room', 'PH', 'en', 0),
  (4, 'UC-ANIMEORBIT', 'AnimeOrbit', 'CA', 'en', 0),
  (5, 'UC-GLOBALFPS', 'GlobalFPS', 'US', 'en', 0),
  (6, 'UC-SHOOTERLAB', 'ShooterLab', 'GB', 'en', 0);

INSERT INTO reaction_videos (
  id,
  youtube_video_id,
  content_id,
  channel_id,
  title,
  description,
  localized_title,
  localized_title_source,
  localized_description,
  localized_description_source,
  admin_title,
  admin_description,
  thumbnail_url,
  published_at,
  view_count,
  like_count,
  comment_count,
  detected_language,
  is_overseas_reaction,
  is_featured_home,
  featured_home_order,
  youtube_url,
  created_at,
  updated_at
) VALUES
  (
    1,
    'exjobrx0001',
    1,
    1,
    'Americans react to Extreme Job',
    'The hosts were surprised by how quickly the comedy escalated into action.',
    '미국 시청자들이 본 극한직업 반응',
    'machine',
    '미국 시청자들이 한국 코미디의 빠른 전개와 액션 전환에 놀라는 반응입니다.',
    'machine',
    '미국 리액터의 극한직업 첫 반응',
    '극한직업 특유의 빠른 템포와 액션 전환을 중심으로 보는 대표 리액션입니다.',
    NULL,
    '2026-05-30T00:00:00.000Z',
    312000,
    21000,
    1400,
    'en',
    1,
    1,
    3,
    'https://www.youtube.com/watch?v=exjobrx0001',
    '2026-05-30T00:00:00.000Z',
    '2026-05-30T00:00:00.000Z'
  ),
  (
    2,
    'sqg2trlr001',
    2,
    2,
    'Squid Game Season 2 trailer reaction',
    'A trailer reaction focused on the new season scale and audience hype.',
    '오징어 게임 시즌 2 트레일러 반응',
    'machine',
    '새 시즌의 규모감과 긴장감을 중심으로 한 트레일러 반응입니다.',
    'machine',
    '오징어 게임 시즌 2 대표 트레일러 반응',
    '신작 기대감이 높은 시즌 2 예고편 반응을 메인 추천용으로 정리했습니다.',
    NULL,
    '2026-05-30T04:10:00.000Z',
    620000,
    45000,
    3000,
    'en',
    1,
    1,
    2,
    'https://www.youtube.com/watch?v=sqg2trlr001',
    '2026-05-30T04:10:00.000Z',
    '2026-05-30T04:10:00.000Z'
  ),
  (
    3,
    'aptmvreact1',
    3,
    3,
    'APT. MV reaction and vocal breakdown',
    'The channel breaks down the vocal layers and performance choices from the music video.',
    'APT. 뮤직비디오 반응과 보컬 분석',
    'machine',
    '뮤직비디오의 보컬 레이어와 퍼포먼스를 함께 해설하는 반응입니다.',
    'machine',
    'APT. 대표 음악 반응',
    '보컬 분석과 퍼포먼스 해설이 함께 있는 음악 카테고리 대표 반응입니다.',
    NULL,
    '2026-05-30T05:00:00.000Z',
    540000,
    39000,
    2200,
    'en',
    1,
    1,
    4,
    'https://www.youtube.com/watch?v=aptmvreact1',
    '2026-05-30T05:00:00.000Z',
    '2026-05-30T05:00:00.000Z'
  ),
  (
    4,
    'sololv00001',
    4,
    4,
    'Solo Leveling episode 1 reaction',
    'Fans react to the anime adaptation and compare it with the original webtoon.',
    '나 혼자만 레벨업 1화 반응',
    'machine',
    '애니메이션 1화를 본 뒤 원작 웹툰과 비교하는 반응입니다.',
    'machine',
    NULL,
    NULL,
    NULL,
    '2026-05-29T23:45:00.000Z',
    130000,
    11200,
    640,
    'en',
    1,
    0,
    0,
    'https://www.youtube.com/watch?v=sololv00001',
    '2026-05-29T23:45:00.000Z',
    '2026-05-29T23:45:00.000Z'
  ),
  (
    5,
    'codmw4rx01a',
    5,
    5,
    'Call of Duty: Modern Warfare 4 trailer reaction',
    'A reaction focused on campaign return, gunplay pacing, and reveal moments.',
    '콜 오브 듀티: 모던 워페어 4 트레일러 반응',
    'machine',
    '게임플레이 연출과 캠페인 복귀 포인트를 중심으로 정리한 대표 리액션입니다.',
    'machine',
    '콜 오브 듀티: 모던 워페어 4 대표 반응',
    '요구사항 3 기준으로 홈 히어로와 추천 영역에 우선 노출하는 대표 리액션입니다.',
    NULL,
    '2026-06-02T08:00:00.000Z',
    420000,
    28000,
    1800,
    'en',
    1,
    1,
    1,
    'https://www.youtube.com/watch?v=codmw4rx01a',
    '2026-06-02T08:00:00.000Z',
    '2026-06-02T08:00:00.000Z'
  ),
  (
    6,
    'codmw4rx02b',
    5,
    6,
    'FPS fans react to COD MW4 reveal',
    'Shooter fans react to the reveal and discuss multiplayer expectations.',
    'FPS 팬들의 COD MW4 공개 반응',
    'machine',
    '멀티플레이와 캠페인 기대감을 함께 다루는 FPS 팬 반응입니다.',
    'machine',
    NULL,
    NULL,
    NULL,
    '2026-06-01T23:40:00.000Z',
    240000,
    16000,
    920,
    'en',
    1,
    0,
    0,
    'https://www.youtube.com/watch?v=codmw4rx02b',
    '2026-06-01T23:40:00.000Z',
    '2026-06-01T23:40:00.000Z'
  );

INSERT INTO ranking_snapshots (
  id,
  content_id,
  category_id,
  rank_type,
  rank_value,
  reaction_count,
  total_views,
  snapshot_date
) VALUES
  (1, 2, 2, 'weekly', 1, 110, 6100000, '2026-06-02'),
  (2, 3, 4, 'weekly', 2, 91, 5400000, '2026-06-02'),
  (3, 1, 1, 'weekly', 3, 47, 2100000, '2026-06-02'),
  (4, 4, 3, 'weekly', 4, 28, 1600000, '2026-06-02'),
  (5, 5, 5, 'weekly', 5, 18, 980000, '2026-06-02'),
  (6, 2, 2, 'popular', 1, 110, 6100000, '2026-06-02'),
  (7, 3, 4, 'popular', 2, 91, 5400000, '2026-06-02'),
  (8, 1, 1, 'popular', 3, 47, 2100000, '2026-06-02'),
  (9, 4, 3, 'popular', 4, 28, 1600000, '2026-06-02'),
  (10, 5, 5, 'popular', 5, 18, 980000, '2026-06-02');

INSERT INTO app_settings (setting_key, value_text, updated_at) VALUES
  ('site.brandName', 'AwesomeKorea', '2026-06-02T09:00:00.000Z'),
  ('site.brandTagline', 'Awesome Korea - 해외 반응 모음', '2026-06-02T09:00:00.000Z'),
  ('home.heroBadge', '운영 우선 편성', '2026-06-02T09:00:00.000Z'),
  ('home.heroToolbarCopy', '편성 슬롯과 우선순위 점수를 조합해 홈 노출 순서를 운영합니다.', '2026-06-02T09:00:00.000Z'),
  ('home.heroTitle', '운영자가 직접 고른 해외 반응을 먼저 보여드립니다.', '2026-06-02T09:00:00.000Z'),
  ('home.heroDescription', '요구사항 3 기준으로 게임 카테고리와 콜 오브 듀티 우선 편성을 반영한 예시입니다.', '2026-06-02T09:00:00.000Z');

INSERT INTO editorial_slots (
  id,
  slot_code,
  name,
  scope,
  max_items,
  is_active,
  created_at,
  updated_at
) VALUES
  (1, 'home.hero', '홈 히어로', 'home', 1, 1, '2026-06-02T09:00:00.000Z', '2026-06-02T09:00:00.000Z'),
  (2, 'home.featured.contents', '홈 추천 콘텐츠', 'home', 4, 1, '2026-06-02T09:00:00.000Z', '2026-06-02T09:00:00.000Z'),
  (3, 'category.game.hero', '게임 카테고리 대표', 'category', 1, 1, '2026-06-02T09:00:00.000Z', '2026-06-02T09:00:00.000Z');

INSERT INTO editorial_entries (
  id,
  slot_id,
  target_type,
  target_ref,
  headline_override_ko,
  body_override_ko,
  sort_order,
  is_active,
  created_at,
  updated_at
) VALUES
  (
    1,
    1,
    'content',
    'call-of-duty-modern-warfare-4',
    '요구사항 3 우선 편성',
    '2026년 10월 출시 예정 기준으로 홈 히어로에 우선 배치합니다.',
    1,
    1,
    '2026-06-02T09:00:00.000Z',
    '2026-06-02T09:00:00.000Z'
  ),
  (
    2,
    2,
    'content',
    'call-of-duty-modern-warfare-4',
    '운영 우선 콘텐츠',
    '게임 카테고리 오픈과 함께 대표 콘텐츠를 홈 추천 영역에 고정합니다.',
    1,
    1,
    '2026-06-02T09:00:00.000Z',
    '2026-06-02T09:00:00.000Z'
  ),
  (
    3,
    2,
    'content',
    'squid-game-2',
    '트렌드 반응 묶음',
    '글로벌 주목도가 높은 드라마도 함께 추천 영역에 배치합니다.',
    2,
    1,
    '2026-06-02T09:00:00.000Z',
    '2026-06-02T09:00:00.000Z'
  ),
  (
    4,
    3,
    'content',
    'call-of-duty-modern-warfare-4',
    '게임 카테고리 대표',
    '게임 카테고리 진입 시 가장 먼저 보이는 대표 콘텐츠입니다.',
    1,
    1,
    '2026-06-02T09:00:00.000Z',
    '2026-06-02T09:00:00.000Z'
  );

INSERT INTO admin_users (
  id,
  login_id,
  password_hash,
  display_name,
  is_active,
  created_at,
  updated_at
) VALUES (
  1,
  'admin',
  'scrypt$9f7b4c2d8a1133557799aabbccddeeff$1afa040b9148cb81baac05326329750c0ba59f90a62cc40b680f13431668b509ef246fa7524703b07760abf8c1b77a642b9b636fa19d7ec042308627d32ff635',
  '관리자',
  1,
  '2026-06-02T09:00:00.000Z',
  '2026-06-02T09:00:00.000Z'
);
